[{"slug":"tidal-coffee-monterey-usa","name":"Tidal Coffee","address":"400 Cannery Row, Monterey, CA 93940, USA","city":"Monterey","country":"USA","created_at":"2020-05-24","location":{"lat":36.612133,"lng":-121.897926}},{"slug":"anchorhead-seattle-usa","name":"Anchorhead","address":"1600 7th Ave Ste 105, Seattle, WA 98101","city":"Seattle","country":"USA","created_at":"2020-05-20","location":{"lat":47.61324,"lng":-122.3344}},{"slug":"lagkagehuset-cph-dk","name":"Lagkagehuset","address":"Torvegade 45, 1400 København, Denmark","city":"Copenhagen","country":"DK","created_at":"2019-12-26","location":{"lat":55.67247,"lng":12.59167}},{"slug":"backporch-coffee-roasters-bend-usa","name":"Backporch Coffee Roasters","address":"1052 NW Newport Ave #103, Bend, OR 97701, USA","city":"Bend","country":"US","created_at":"2019-09-05","location":{"lat":44.062645,"lng":-121.327383}},{"slug":"dinosaur-coffee-los-angeles-usa","name":"Dinosaur Coffee","address":"4334 Sunset Blvd, Los Angeles, CA 90029, USA","city":"Los Angeles","country":"US","created_at":"2019-09-05","location":{"lat":34.09634,"lng":-118.283805}},{"slug":"monmouth-coffee-london-uk","name":"Monmouth Coffee","address":"27 Monmouth St, London WC2H 9EU, UK","city":"London","country":"UK","created_at":"2019-09-05","location":{"lat":51.51439,"lng":-0.12675}},{"slug":"flat-track-austin-usa","name":"Flat Track Coffee","address":"1619 E Cesar Chavez St, Austin, TX 78702, USA","city":"Austin","country":"US","created_at":"2019-09-05","location":{"lat":30.25827,"lng":-97.72835}},{"slug":"barista-hyderabad-india","name":"Barista","address":"Microsoft Campus, ISB Rd, Gachibowli, Hyderabad, Telangana 500032, India","city":"Hyderabad","country":"IN","created_at":"2019-09-01","location":{"lat":17.431692,"lng":78.343067}},{"slug":"the-fix-madrid-spain","name":"The Fix","address":"Calle de Luisa Fernanda, 15, 28008 Madrid, Spain","city":"Madrid","country":"ES","created_at":"2019-08-20","location":{"lat":40.425758,"lng":-3.71494}},{"slug":"smithandtait-los-angeles-usa","name":"Smith & Tait","address":"866 Huntley Dr, West Hollywood, CA 90069, USA","city":"Los Angeles","country":"US","created_at":"2019-08-18","location":{"lat":34.086817,"lng":-118.380464}},{"slug":"coloso-oakland-us","name":"Coloso","address":"917 Washington St, Oakland, CA 94607, USA","city":"Oakland","country":"US","created_at":"2019-08-04","location":{"lat":37.801869,"lng":-122.274598}},{"slug":"allpress-london-uk","name":"Allpress","address":"58 Redchurch St, Shoreditch, London E2 7DP, UK","city":"London","country":"UK","created_at":"2018-12-18","location":{"lat":51.524297,"lng":-0.074501}},{"slug":"woodcat-coffee-bar-los-angeles-usa","name":"Woodcat Coffee Bar","address":"1532 Sunset Blvd, Los Angeles, CA 90026, USA","city":"Los Angeles","country":"US","created_at":"2018-12-13","location":{"lat":34.076266,"lng":-118.2564193}},{"slug":"caffe-vita-seattle-usa","name":"Caffé Vita","address":"1005 E Pike St, Seattle, WA 98122, USA","city":"Seattle","country":"US","created_at":"2018-12-12","location":{"lat":47.6138902,"lng":-122.3190238}},{"slug":"grand-coffee-san-francisco-usa","name":"Grand Coffee","address":"2663 Mission St, San Francisco, CA 94110, USA","city":"San Francisco","country":"US","created_at":"2018-12-10","location":{"lat":37.7937413,"lng":-122.3925681}},{"slug":"jane-on-fillmore-san-francisco-usa","name":"Jane on Fillmore","address":"2123 Fillmore Street, San Francisco, CA 94115, USA","city":"San Francisco","country":"US","created_at":"2018-08-25","location":{"lat":37.7891993,"lng":-122.434004}},{"slug":"koa-coffee-london-uk","name":"KOA Coffee","address":"41 Rosebery Ave, Farringdon, London EC1R 4SH, UK","city":"London","country":"UK","created_at":"2018-08-13","location":{"lat":51.524255,"lng":-0.111205}},{"slug":"good-coffee-portland-usa","name":"Good Coffee","address":"4747 SE Division St, Portland, OR 97206, USA","city":"Portland","country":"US","created_at":"2018-08-06","location":{"lat":45.5053899,"lng":-122.6134053}},{"slug":"jubala-coffee-raleigh-usa","name":"Jubala Coffee","address":"8450 Honeycutt Rd, Raleigh, NC 27615, USA","city":"Raleigh","country":"US","created_at":"2018-06-18","location":{"lat":35.89504549999999,"lng":-78.62201329999999}},{"slug":"lady-falcon-coffee-club-san-francisco-usa","name":"Lady Falcon Coffee Club","address":"Alamo Square, San Francisco, CA 94117, USA","city":"San Francisco","country":"US","created_at":"2018-06-15","location":{"lat":37.7760914,"lng":-122.4340057}},{"slug":"victrola-coffee-roasters-seattle-usa","name":"Victrola Coffee Roasters","address":"3215 Beacon Ave S, Seattle, WA 98144, USA","city":"Seattle","country":"US","created_at":"2018-06-08","location":{"lat":47.574616,"lng":-122.309285}},{"slug":"menottis-los-angeles-usa","name":"Menotti's","address":"56 Windward Ave, Venice, CA 90291, USA","city":"Los Angeles","country":"US","created_at":"2018-06-02","location":{"lat":33.9872564,"lng":-118.4726413}},{"slug":"sola-coffee-raleigh-usa","name":"Sola Coffee","address":"7705 Lead Mine Rd, Raleigh, NC 27615, USA","city":"Raleigh","country":"US","created_at":"2018-06-01","location":{"lat":35.8853193,"lng":-78.66014489999999}},{"slug":"red-bay-coffee-oakland-usa","name":"Red Bay Coffee","address":"2327 Broadway, Oakland, CA 94612, USA","city":"Oakland","country":"US","created_at":"2018-05-29","location":{"lat":37.8127104,"lng":-122.266355}},{"slug":"milk-bar-las-vegas-usa","name":"Milk Bar","address":"3708 Las Vegas Blvd Level 2 Suite MB East Tower, Las Vegas, NV 89109, United States","city":"Las Vegas","country":"US","created_at":"2018-05-19","location":{"lat":36.10998,"lng":-115.174692}},{"slug":"cat-and-cloud-coffee-santa-cruz-usa","name":"Cat & Cloud Coffee","address":"3600 Portola Dr, Santa Cruz, CA 95062, USA","city":"Santa Cruz","country":"US","created_at":"2018-05-11","location":{"lat":36.963238,"lng":-121.969315}},{"slug":"shoreditch-grind-london-uk","name":"Shoreditch Grind","address":"213 Old St, London EC1V 9NR, UK","city":"London","country":"UK","created_at":"2018-05-08","location":{"lat":51.525853,"lng":-0.088266}},{"slug":"rasa-caffe-berkeley-usa","name":"Rasa Caffe","address":"3140 Martin Luther King Jr Way, Berkeley, CA 94703, USA","city":"Berkeley","country":"US","created_at":"2018-05-07","location":{"lat":37.8509919,"lng":-122.270915}},{"slug":"george-and-lennie-san-francisco-usa","name":"George And Lennie","address":"277 Golden Gate Ave, San Francisco, CA 94102, USA","city":"San Francisco","country":"US","created_at":"2018-05-03","location":{"lat":37.7815648,"lng":-122.4150428}},{"slug":"department-of-coffee-and-social-affairs-london-usa","name":"Department of Coffee and Social Affairs","address":"14–16 Leather Ln, London EC1N 7SU, UK","city":"London","country":"UK","created_at":"2018-04-30","location":{"lat":51.519429,"lng":-0.1090123}},{"slug":"chappel-hill-coffee-san-francisco-usa","name":"Chappel Hill Coffee","address":"670 Commercial St, San Francisco, CA 94111, USA","city":"San Francisco","country":"US","created_at":"2018-04-26","location":{"lat":37.7942087,"lng":-122.4042571}},{"slug":"pips-original-doughnuts-portland-usa","name":"Pip's Original Doughnuts","address":"4759 NE Fremont St, Portland, OR 97213, USA","city":"Portland","country":"US","created_at":"2018-04-19","location":{"lat":45.5483793,"lng":-122.6138045}},{"slug":"linea-caffe-san-francisco-usa","name":"Linea Caffe","address":"3417 18th St, San Francisco, CA 94110, USA","city":"San Francisco","country":"US","created_at":"2018-04-17","location":{"lat":37.7616766,"lng":-122.4199847}},{"slug":"prufrock-coffee-london-uk","name":"Prufrock Coffee","address":"23-25 Leather Ln, London EC1N 7TE, UK","city":"London","country":"UK","created_at":"2018-04-16","location":{"lat":51.5199071,"lng":-0.1094542}},{"slug":"coava-coffee-roasters-portland-usa","name":"Coava Coffee Roasters","address":"1300 Southeast Grand Avenue, Portland, OR 97214, USA","city":"Portland","country":"US","created_at":"2018-04-11","location":{"lat":45.5134032,"lng":-122.6604265}},{"slug":"little-oddfellows-cafe-and-bar-seattle-usa","name":"Little Oddfellows","address":"1521 10th Ave, Seattle, WA 98122, USA","city":"Seattle","country":"US","created_at":"2018-04-09","location":{"lat":47.61462419999999,"lng":-122.3197978}},{"slug":"pentacle-coffee-san-francisco-usa","name":"Pentacle Coffee","address":"64 6th St, San Francisco, CA 94103, USA","city":"San Francisco","country":"US","created_at":"2018-04-09","location":{"lat":37.7812703,"lng":-122.4093163}},{"slug":"timberyard-london-uk","name":"Timberyard","address":"7 Upper St Martin's Ln, London WC2H 9DL, UK","city":"London","country":"UK","created_at":"2018-04-05","location":{"lat":51.5128649,"lng":-0.1273794}},{"slug":"nomad-coffee-barcelona-spain","name":"Nømad Coffee","address":"Passatge Sert, 12, 08003 Barcelona, Spain","city":"Barcelona","country":"ES","created_at":"2018-04-03","location":{"lat":41.3889218,"lng":2.1770391}},{"slug":"snowbird-coffee-san-francisco-usa","name":"Snowbird Coffee","address":"1352 9th Ave A, San Francisco, CA 94122, USA","city":"San Francisco","country":"US","created_at":"2018-03-30","location":{"lat":37.7631617,"lng":-122.4659739}},{"slug":"never-coffee-portland-usa","name":"Never Coffee","address":"200, 4243 SE Belmont St, Portland, OR 97215, USA","city":"Portland","country":"US","created_at":"2018-03-28","location":{"lat":45.516725,"lng":-122.6185171}},{"slug":"andytown-coffee-roasters-san-francisco-usa","name":"Andytown Coffee Roasters","address":"3655 Lawton St, San Francisco, CA 94122, USA","city":"San Francisco","country":"US","created_at":"2018-03-22","location":{"lat":37.7566719,"lng":-122.5022955}},{"slug":"satans-coffee-corner-barcelona-spain","name":"Satan's Coffee Corner","address":"Carrer de l'Arc de Sant Ramon del Call, 11, 08002 Barcelona, Spain","city":"Barcelona","country":"ES","created_at":"2018-03-22","location":{"lat":41.382646,"lng":2.175207}},{"slug":"look-mum-no-hands-london-uk","name":"Look Mum No Hands!","address":"49 Old St, London EC1V 9HX, UK","city":"London","country":"UK","created_at":"2018-03-18","location":{"lat":51.524168,"lng":-0.09688899999999999}}]